firstName,lastName,phoneNumber,email
Marcelina,Hilpert,325.839.9111,abbie65@yahoo.com
Karli,Schneider,1-678-526-1003,hyundt@yahoo.com
Braden,Jacobs,16238835861,pollich.margie@gmail.com
Jesus,Little,816.677.4794,deondre.schiller@gmail.com
Aryanna,Swaniawski,1-651-847-0616,wilderman.ambrose@hickle.com
Ansel,Schroeder,1-410-352-0013,marvin79@yahoo.com
Christiana,Dickens,351-657-1047,adolphus.rath@yahoo.com
Lilly,Crona,210-579-5973,prosacco.aiden@little.com
Jerald,Grimes,678.340.1126,lesly.rice@roob.org
Lenora,Kihn,770.812.8126,joesph.kutch@hartmann.net
Rashawn,Cassin,(225) 592-1981,leone.wyman@haley.com
Colin,O'Keefe,541.537.5536,bsipes@durgan.com
Casey,Smith,+1-256-602-1161,evans50@jerde.com
Tara,Ortiz,308.253.2554,nhayes@hoppe.com
Aliyah,Halvorson,+1-540-728-8392,gspinka@yahoo.com
Arne,Gleichner,+1-423-421-5012,becker.michale@hotmail.com
Leonora,McKenzie,1-531-451-4192,rdare@bauch.info
Scotty,Homenick,1-743-818-5055,horacio76@corkery.com
Mariela,Carroll,781-600-8141,hudson.werner@hotmail.com
Mollie,Shanahan,854.935.5157,morissette.johnnie@boyer.com
Eve,Brakus,+1 (602) 455-8029,solon31@gmail.com
Savion,Stark,(564) 891-9592,mosciski.toni@mccullough.com
Maribel,Wehner,602-484-4720,obogan@schultz.com
Felicia,Jerde,1-678-915-6664,uziemann@yahoo.com
Lew,Schaden,+1-818-614-3131,ykutch@friesen.biz
Sidney,Weimann,248-902-5380,kyler.emmerich@feeney.info
Frederick,Hessel,+1-769-212-7400,xnader@oberbrunner.info
Lennie,Jones,+1 (651) 979-5160,monserrat.marvin@mclaughlin.biz
Viviane,Ratke,18035360289,gregoria30@yahoo.com
Alan,O'Reilly,239.974.6261,haag.angie@padberg.com
Alberto,Kessler,+1-256-613-7516,rcarroll@batz.com
Noemy,Wyman,971-313-7381,maxwell73@gmail.com
Cordie,McLaughlin,667.359.2102,cremin.blanca@rogahn.com
Aurelia,Parker,1-385-719-3357,ldaniel@rolfson.org
Vernie,Pollich,+1-330-478-6739,david04@gmail.com
Flossie,Lockman,956-929-7970,bsatterfield@hotmail.com
Haley,Gleichner,812.905.9146,nikolaus.deron@hotmail.com
Linnie,Greenholt,737-564-7630,aschultz@hotmail.com
Filomena,Miller,+1 (949) 778-9237,joanie22@hotmail.com
Elisabeth,Marks,928-594-3805,schiller.odell@emard.com
Lonzo,Stroman,1-479-884-6600,sibyl87@hotmail.com
Sherwood,Daugherty,646.487.5524,elta.jenkins@hoppe.net
Edd,Stiedemann,850.777.4487,bridgette.casper@hotmail.com
Easton,Ruecker,620-232-3653,estoltenberg@klocko.biz
Quentin,Mosciski,+1.386.774.5894,ari.lowe@morissette.com
Ewell,Beer,337.907.7179,einar95@gmail.com
Jordan,Rosenbaum,(743) 356-6661,trisha07@marks.net
Chadrick,Okuneva,+1 (540) 226-6199,walsh.lorna@trantow.com
Brendan,Hammes,734-452-4801,sauer.krista@auer.info
Cecilia,Witting,564-332-8385,xklein@vandervort.com
Lorenzo,Funk,1-725-254-5904,izabella.johnson@gmail.com
Erich,Stehr,(315) 780-7187,imuller@hotmail.com
Danyka,Waelchi,(570) 698-5334,rebecca.gutkowski@gmail.com
Freeman,Streich,1-831-498-8727,marcel.cole@flatley.info
Mercedes,Grady,+1.267.888.6257,prince.beahan@yahoo.com
Daryl,Metz,952-295-2910,isaiah.becker@hammes.biz
Precious,Howell,+1-334-351-9106,yadira70@schultz.biz
Catherine,McClure,+1-669-803-4262,ichamplin@mraz.com
Alena,Ledner,+1-857-915-4262,ledner.douglas@bergstrom.biz
Iliana,Goldner,16025521776,asia.hickle@hotmail.com
Kenneth,Collier,(786) 213-3176,fpollich@murray.info
Jewell,Schumm,781-897-0773,fhaley@yahoo.com
Cassidy,Hansen,+1 (551) 298-3305,gromaguera@gmail.com
Darryl,Kling,385.244.0221,kshlerin.dallin@fritsch.com
Ellsworth,White,332-708-1197,robin.quigley@gmail.com
Sean,Feil,334-675-8447,candace.kozey@kozey.org
Jonatan,Legros,(865) 946-2597,stephanie96@gmail.com
Ronaldo,Roob,1-281-418-3089,stuart.kreiger@hotmail.com
Tillman,Kassulke,1-641-942-6525,elza.bednar@little.com
Burley,Weissnat,931-553-6312,hruecker@gmail.com
Curt,Labadie,(586) 607-5888,vance.renner@yahoo.com
Manuel,Greenfelder,1-386-424-9741,hector.mueller@yahoo.com
Jerry,Schamberger,786-983-8085,zschuppe@hotmail.com
Shayna,Mueller,+1-541-303-2972,xgorczany@gmail.com
Naomie,Feest,(828) 781-1281,hallie36@pfannerstill.biz
Theresa,Pfannerstill,1-678-387-7785,david.koch@konopelski.com
Myrtis,Gulgowski,+1.430.306.3752,daniel.sincere@grant.com
Name,Schulist,515-699-7172,junior41@schaefer.info
Zula,Keebler,18052351224,qhand@hotmail.com
Margarete,Vandervort,1-321-745-6543,rachelle.kertzmann@yahoo.com
Oma,Grady,1-352-276-7227,lacey60@gmail.com
Blaise,Thompson,283.226.3254,florencio.gutmann@yahoo.com
Marlen,Jerde,351-646-0795,nicole44@gmail.com
Juston,Schoen,19107575317,providenci.feil@hotmail.com
Dakota,Mayert,1-423-737-4572,yrutherford@donnelly.com
Enrico,Dickinson,1-806-873-8521,roel.sipes@yahoo.com
Rebekah,Hirthe,1-267-340-7165,cleta84@hotmail.com
Kurt,Sporer,17815925452,welch.lennie@hauck.net
Suzanne,Runolfsson,+1-480-452-6179,lschumm@gmail.com
Alexanne,Blanda,14153180974,reagan68@gmail.com
Lora,Pollich,+1-520-958-3086,reva.hoeger@jones.info
Shaniya,Davis,(845) 302-2147,jason.upton@thompson.com
Krystina,Barrows,978.876.9087,sschoen@lang.net
Theresia,Altenwerth,+1-717-781-3300,ella76@gmail.com
Dahlia,Marquardt,(319) 863-0878,hosea31@yahoo.com
Favian,Gleason,+1 (504) 358-4485,ggreen@yahoo.com
Garret,Gutmann,+1-445-925-7165,olga.kirlin@hotmail.com
Filiberto,Hahn,+1.515.515.5038,ptorp@yahoo.com
Violet,Bailey,17548038568,berge.hilario@runolfsson.org
Marjorie,Wisoky,16825696326,pouros.miracle@zulauf.com
Bettie,Renner,+1 (762) 626-5520,chaya55@stamm.com
Eli,Mertz,+1.806.751.5242,ondricka.grace@oconner.com
Jordi,Hudson,1-308-401-1861,baumbach.nadia@gutmann.com
Joshua,Turner,+1.820.454.3001,noble.abbott@hotmail.com
Lloyd,Effertz,(701) 485-6614,gutkowski.marion@mitchell.com
Barney,Eichmann,435.725.4899,homenick.otilia@yahoo.com
Hilma,Wiegand,+1.847.448.3743,dooley.rowland@prohaska.biz
Gerald,Durgan,(276) 961-3208,troob@lang.com
Estelle,Lueilwitz,+1.757.751.8810,tromp.marcelo@orn.biz
Ruth,Murazik,+1-325-556-7440,ubergnaum@hotmail.com
Oma,Lowe,17062885653,maria34@price.com
Clemens,Robel,(339) 370-5459,leland86@barton.net
Xavier,Gottlieb,678-833-9832,eileen53@okeefe.biz
Rafael,Considine,(332) 391-8556,rosario.jerde@gerhold.com
Hettie,Swaniawski,(773) 815-6428,nvon@yahoo.com
Sven,Lemke,785-390-9205,reynold37@hotmail.com
Tiara,Wintheiser,+1.276.761.3469,stoltenberg.chanelle@gmail.com
Ila,Sanford,386-947-8720,parker.maximillia@hotmail.com
Lindsay,Hagenes,+1.315.389.8992,janessa80@fahey.com
Jermaine,Rosenbaum,628-287-8291,xwelch@mckenzie.org
Diamond,Braun,417.695.2222,dusty.berge@yahoo.com
Jimmie,Homenick,267.965.5287,kiera.franecki@hotmail.com
Eloisa,Cormier,+1-626-567-3286,parisian.desmond@maggio.com
Lester,Wilderman,+1 (234) 799-1052,billie20@hotmail.com
Elton,Mosciski,351-443-9713,kallie.swift@yahoo.com
Bryana,Boyer,+1.270.770.9212,keeling.vergie@hotmail.com
Emiliano,Eichmann,(870) 421-0793,estefania.schmidt@damore.com
Roy,McClure,1-415-989-5780,reynolds.geovanny@hotmail.com
Arvel,Lang,531.271.7922,grimes.roselyn@reilly.net
Cole,Bernier,(779) 844-3922,rowland.mcglynn@hotmail.com
Felix,Yundt,+1.657.303.2006,gleason.emerson@bruen.biz
Pasquale,Gusikowski,1-629-924-0156,jacobs.armani@gmail.com
Leonardo,Cartwright,608-310-1513,anahi.ward@konopelski.com
Greyson,Witting,1-262-814-7051,howell.estel@sipes.net
Shayne,Pollich,18032106663,garnett64@hotmail.com
Helga,Kreiger,(636) 841-0068,strosin.leta@mraz.biz
Emiliano,Murazik,(364) 605-9864,igoyette@jerde.com
Matteo,Zboncak,281.797.0934,leuschke.alessandra@pfeffer.com
Myra,Schmeler,878-988-3799,ypfannerstill@mertz.com
Micah,Jenkins,14436352381,ebert.eriberto@gmail.com
Johnpaul,Reynolds,332.914.2177,erling.weimann@watsica.info
Kraig,Doyle,+1 (585) 252-4020,acruickshank@white.com
Kelsie,Schaden,270.575.9569,asmitham@mitchell.org
Tremaine,Harvey,585-571-7956,carole83@yahoo.com
Santina,Gutkowski,(740) 209-8460,grant.mayer@greenfelder.org
Godfrey,Graham,+1-701-275-3398,paolo91@gmail.com
Kara,Cronin,17549678643,maximus.mosciski@hotmail.com
Rogers,Bashirian,(628) 876-3697,sandrine77@mosciski.com
Esperanza,Wisoky,+1.972.579.9926,goyette.ian@yahoo.com
Lauretta,Lehner,903.778.9922,bhodkiewicz@gibson.com
Audrey,Connelly,1-320-914-6738,ricky29@hansen.com
Katelyn,Casper,+1.248.643.9287,mann.chaz@gmail.com
Rosella,Medhurst,+1-332-729-7522,estreich@hotmail.com
Darrin,Ferry,586-638-1803,etha.herzog@gmail.com
Aracely,Champlin,985.965.7466,vonrueden.pascale@sipes.org
Carli,Tillman,15305530571,mitchel.mueller@hotmail.com
Armando,Schamberger,(850) 254-2219,stroman.elijah@hand.net
Benton,Dooley,424-935-0580,lorine.white@sauer.info
Alva,Green,667-274-2587,adams.unique@yahoo.com
Doug,Kub,+1.781.933.8613,fernando09@yahoo.com
Sibyl,Tromp,1-623-548-0024,breitenberg.kristian@gmail.com
Katrina,Wisoky,14456928993,emory.weissnat@wolff.com
Jarred,Abbott,+1-458-261-5289,vparker@yahoo.com
Letitia,Kovacek,925-625-7866,piper31@leannon.net
Bobbie,Hayes,917-933-8830,asha.russel@heller.com
Lue,Lynch,1-980-719-0828,iva.lebsack@jones.net
Kacey,Pacocha,+1-458-889-8681,rebekah47@howell.net
Angelita,Wyman,(775) 215-8527,millie29@hackett.com
Amelie,Jaskolski,1-351-210-9767,anderson.boyer@jakubowski.info
Elouise,Osinski,507-518-5713,branson69@gmail.com
Buck,Windler,1-769-897-9453,maggio.noelia@rau.org
Patrick,Runolfsdottir,614.533.0639,dietrich.omari@hotmail.com
Elmer,Deckow,1-918-637-7308,jabernathy@hoeger.com
Carlos,Considine,419.485.2930,elisha69@hotmail.com
Mekhi,Towne,+1 (781) 239-1414,nbrekke@emard.com
Perry,Hermiston,+1-513-952-4889,jacinthe10@wilderman.com
Kylee,Crooks,820.843.2046,emile.balistreri@spencer.com
Shane,Mills,260.365.8424,nelda75@hotmail.com
Pink,Will,551-250-6779,lonny19@hotmail.com
Mavis,Bins,309.566.7378,lsatterfield@baumbach.com
Jonathon,Schaefer,1-231-578-9574,jasmin.welch@hotmail.com
Ryleigh,Pollich,662.630.6487,predovic.trinity@walsh.com
Raven,Ward,19785144149,rosalyn.hintz@yahoo.com
Eugenia,Cartwright,443-910-1839,donnelly.maybell@mccullough.com
Uriah,Watsica,918.653.0628,florine41@gmail.com
Noble,Purdy,+1 (217) 686-8463,qschroeder@gmail.com
Nayeli,Hill,207-817-4763,melissa.anderson@bernier.com
Katharina,Wolf,(520) 263-2199,ohara.shaina@yahoo.com
Marina,Hagenes,1-815-661-6941,allene.becker@yahoo.com
Wilton,Oberbrunner,702.784.9435,bauch.serenity@connelly.com
Wilfred,Armstrong,18208371565,janick.crooks@hotmail.com
Curt,King,13644538697,gibson.kacey@ferry.info
Cordia,DuBuque,(478) 773-1004,iheidenreich@wilderman.com
Cassie,Parisian,(283) 376-7661,tianna.walker@gmail.com
Lera,Williamson,737.455.5682,cristina.wintheiser@hotmail.com
Sherwood,Torphy,(727) 606-8042,gottlieb.aubree@hotmail.com
Johnny,Hahn,972.470.7432,damon.ebert@hotmail.com
Lucie,Trantow,323-961-9929,florida92@mclaughlin.com
Shany,Turcotte,+1-281-353-4938,roslyn.raynor@schultz.com
Gregorio,Gleason,(937) 752-0234,monserrat19@hotmail.com
Horacio,Dare,1-419-499-3690,jfay@hotmail.com
Velva,Zboncak,323-541-9216,zhill@greenfelder.net
Gerard,Marquardt,567-983-8903,germaine.gorczany@hotmail.com
Ulises,Eichmann,662-969-6031,kaitlin05@heaney.info
Jo,Jakubowski,1-207-816-6417,matteo.thiel@gmail.com
Cheyanne,Rice,928.666.4261,orville.moore@heidenreich.net
Andreane,Bergnaum,1-838-909-6830,akassulke@yahoo.com
Saige,Simonis,+1-914-882-6113,ibaumbach@reichert.com
Jeanie,Johnson,+1-458-880-3698,lavonne.cormier@hotmail.com
Alessandro,Hansen,+1-386-356-8132,purdy.jena@schinner.com
Verda,Roberts,669-401-7521,lindsey25@schimmel.com
Leopold,Pacocha,(419) 300-4955,ssa uer@hotmail.com
Augustine,Osinski,1-803-931-5425,emmerich.nestor@gmail.com
Webster,Zemlak,443-730-0169,hillary92@king.com
Veda,Raynor,419.747.0187,fadel.thad@hotmail.com
Kenya,Hartmann,17609031537,ckonopelski@yahoo.com
Keven,Rogahn,(608) 621-5592,ryleigh76@durgan.info
Josh,Boyle,(786) 504-0038,ustiedemann@predovic.com
Mittie,Zboncak,+1-737-899-7831,ray19@watsica.com
Carmela,Pouros,1-641-521-8214,smith.syble@yahoo.com
Lisette,Kertzmann,(248) 817-2130,amara32@yahoo.com
Anderson,Streich,+1-423-654-7332,lowe.douglas@huels.com
Destiny,Wintheiser,424.778.7946,andre35@simonis.biz
Dovie,Kirlin,(443) 532-3041,rico71@yahoo.com
Penelope,Sporer,669.487.2302,everette21@kris.info
Zechariah,Abernathy,+1-385-615-5539,ceasar.toy@vandervort.com
Cade,Marquardt,+1-209-210-1462,kirk.treutel@marquardt.com
Bryce,Gutmann,623.792.6423,lester.bechtelar@gmail.com
Devon,Towne,+1-828-531-0725,hzemlak@hegmann.com
Angus,Mueller,14014529099,tstark@hotmail.com
Kiel,Schaefer,+1 (979) 864-6130,kylee.heidenreich@gmail.com
Haskell,Schultz,+1.786.473.5679,koch.camilla@dibbert.biz
Ryder,Prohaska,412.858.1194,fisher.rosalyn@hotmail.com
Melissa,Heller,1-534-360-3805,alphonso.effertz@abshire.com
Germaine,Metz,+1-772-985-3842,sboyer@gerlach.org
Mona,Carter,870.367.0049,dejuan.hagenes@hotmail.com
Kenneth,Hoppe,361-801-0155,lemke.aric@hotmail.com
Cynthia,Homenick,509.255.8226,irma.morissette@hotmail.com
Brooks,Huel,283.486.9046,hjerde@kihn.info
Janis,Kshlerin,706-808-7644,tressa.pagac@mante.com
Earlene,Heathcote,504-372-0624,lora.schmitt@hotmail.com
Richmond,Yost,(347) 329-6933,mann.ashleigh@thompson.com
Jolie,Baumbach,563-602-0293,amir.nader@ratke.biz
Kadin,Bahringer,1-325-896-5511,destin.leuschke@monahan.info
Jessie,Hermann,13378209607,wiegand.milford@yahoo.com
Jarrod,Welch,(539) 752-9979,lesch.priscilla@friesen.info
Pete,Quigley,1-425-947-5217,laura01@macejkovic.com
Casandra,Goldner,231-392-5226,giovanna95@gmail.com
Connor,Schmeler,314.417.0215,thompson.daphne@gmail.com
Caleigh,Hansen,205.675.4496,maximo52@hotmail.com
Alfonso,Feeney,1-712-271-0569,herzog.roberta@fahey.info
Albertha,O'Keefe,347-215-6604,bulah08@kling.com
Eloy,Skiles,865-509-8729,elijah.price@hotmail.com
Celestino,Jacobson,+1-502-259-1186,blair66@treutel.com
Layne,McKenzie,425-302-3656,zdickinson@yahoo.com
Macy,Bogan,(938) 642-7628,hilpert.preston@hotmail.com
Willis,Von,1-952-273-5775,reid.schiller@yahoo.com
Clemmie,Stokes,479-984-8819,ondricka.hassie@willms.com
Camron,Rempel,260-753-1584,suzanne.gusikowski@tillman.org
Alphonso,Hansen,(419) 990-9573,laverna91@haag.net
Veda,Kutch,+1-256-295-1826,thintz@barrows.net
Justen,Pfeffer,13512099510,zane.halvorson@lockman.com
Rhianna,Bogan,1-810-308-1652,kmetz@orn.com
Kaden,Gusikowski,+1-240-555-6475,bahringer.theodore@borer.com
Maida,Stiedemann,1-678-481-7701,abigail.ratke@prohaska.com
Dino,Daugherty,+1.614.404.2197,pfannerstill.clemmie@gmail.com
Heaven,Jaskolski,914.794.8335,stanton.johann@hotmail.com
Lois,Haley,1-269-463-9264,vergie.littel@gmail.com
Samantha,Beer,858-903-0230,adelbert.hermiston@gmail.com
Janiya,Bergstrom,1-505-989-3470,omer25@yahoo.com
Blanche,Friesen,223-805-8197,raynor.paige@yahoo.com
Jordy,Moen,331.916.3615,mitchell.durgan@hoppe.com
Neha,Schneider,901-624-2379,cortney.nader@yahoo.com
Holly,Barton,1-832-464-5518,vivian.klein@yahoo.com
Hector,Fadel,915-907-1717,milo.bruen@quigley.com
Eleonore,Cruickshank,980.564.1455,okuneva.hassie@gmail.com
Neil,Bradtke,(347) 463-3211,macie.ruecker@halvorson.info
Annamarie,Schmidt,940-627-6180,carolyn04@ryan.com
Valentine,Schaefer,+1.228.594.6808,conn.bessie@ritchie.org
Madisyn,Ruecker,1-928-572-0424,melany.borer@fay.com
Dustin,Kulas,1-380-612-4259,jamel.bergnaum@pfannerstill.net
Hal,Lueilwitz,+1-352-899-1027,armand71@yahoo.com
Brant,Balistreri,(623) 235-0414,uwilkinson@reinger.com
Cierra,Kreiger,(803) 697-0711,christiana41@yahoo.com
Norris,Homenick,+1-323-988-6513,bosco.jewel@ledner.com
Eveline,Schuppe,(928) 589-3521,hollie.hagenes@luettgen.com
Vincent,Mosciski,14306052086,eunice.hahn@hotmail.com
Jovan,Jast,(743) 648-3618,glen.cronin@hotmail.com
Stanford,Windler,575-375-9683,adriana25@hoppe.info
Katrina,Trantow,+1-918-586-2562,thomas.lesch@pollich.com
Kelsi,Senger,281-704-7950,will.kelly@yahoo.com
Imogene,Carter,+1 (209) 516-8848,juana99@gmail.com
Cicero,Huels,12342088085,abshire.emelia@crooks.com
Aurelia,McDermott,+1-706-637-1598,wmckenzie@donnelly.com
Viviane,O'Connell,(650) 580-6493,nhudson@murazik.com
Hyman,Murray,956.426.0284,schaefer.darlene@goodwin.com
Lera,Bashirian,+1.938.963.1471,ngutmann@hotmail.com
Heaven,Ortiz,504-961-1200,hane.morris@hotmail.com
Britney,Kihn,765-916-0012,hanna.kshlerin@gmail.com
Toney,Frami,828.410.7264,adela.gutkowski@cole.com
Velma,Kris,(762) 817-5225,marlee.gutmann@balistreri.org
Mack,Raynor,(586) 421-9473,mercedes.hayes@lemke.com
Gust,Spencer,380-594-6648,keaton61@hotmail.com
Carolyn,Kunze,662.383.3025,czulauf@yahoo.com
Camylle,Toy,380-288-1700,arvilla.wolf@wunsch.com
Osborne,Gleason,+1-726-838-5421,horace.wolff@yahoo.com
Nicolas,Rempel,+1-458-254-3771,pnicolas@gmail.com
Jordi,Frami,815-247-6094,elaina.rice@yahoo.com
Alphonso,Turner,18384399024,orlo80@yahoo.com
Agustin,Moen,(575) 890-8689,bruen.garnett@hotmail.com
Webster,Dickinson,917.589.8255,dolly.wisozk@gmail.com
Marley,Krajcik,+1 (202) 381-4967,ricardo.willms@gmail.com
Dawson,Yost,1-231-881-9054,rashawn.gerlach@yahoo.com
Lucile,Upton,1-615-579-0960,angela.mayert@gmail.com
Aleen,Wehner,479-734-6527,beahan.rosa@yahoo.com
Zora,Hirthe,940.499.6125,herbert86@gmail.com
Braulio,Reilly,+1.270.538.3718,chad.orn@hotmail.com
Vernice,Morar,(228) 954-6141,rod61@borer.org
Dana,Rath,765.828.1694,sierra.blick@ohara.biz
Alfred,Conn,513.346.6493,enola.mcdermott@yahoo.com
Saige,Hegmann,+1.303.457.1906,major.sawayn@pacocha.com
Tre,Hyatt,+1.781.393.4056,wolf.adaline@bode.org
Georgiana,Green,+1-845-586-9620,vince26@cormier.com
Tatum,Ward,220-254-9363,graham.alvis@yahoo.com
Hillard,Braun,(463) 338-7176,isabel83@yahoo.com
Rozella,Kuhic,(601) 485-6284,witting.rebeka@dare.biz
Tobin,Frami,302.286.7536,sydnie60@hermiston.info
Anya,Hills,+1-773-900-7506,ima76@gmail.com
Guy,Franecki,(820) 413-7621,geoffrey.rau@gmail.com
Katrina,Stamm,240-236-7734,ctoy@schinner.com
Johanna,Rath,(743) 503-2629,yokon@gmail.com
Keyon,Bartell,251.257.2429,yklocko@hotmail.com
Genevieve,Hill,+1 (231) 218-4920,waters.damon@pacocha.info
Modesta,Kshlerin,415-516-4481,harris.herman@gmail.com
Toni,Kutch,1-430-679-7385,clifton76@jenkins.com
Monique,Lindgren,+1-907-242-1469,xdurgan@vonrueden.info
Adah,Kunze,+1-336-226-1285,stiedemann.marcus@bernier.com
Maybelle,Jacobs,+1.612.676.1262,predovic.judd@hotmail.com
Casimer,Altenwerth,+1.385.564.8290,adams.gerda@batz.info
Arvid,Kulas,678-606-9879,bhalvorson@goldner.biz
Yoshiko,Kuphal,520-336-1811,olga.feest@hotmail.com
Jarred,Crona,+1-706-212-9389,jschaefer@gmail.com
Norwood,Wuckert,(717) 409-7473,lucio18@gmail.com
Sheridan,Wolf,+1 (347) 459-8610,ostokes@morissette.com
Brenna,Pacocha,918.334.6014,xschamberger@quitzon.net
Hattie,Bergstrom,+1-424-388-1242,block.boyd@beer.org
Louvenia,Schumm,559-657-9617,grimes.kenyon@farrell.org
Frances,Schroeder,+1.504.445.7590,rogelio06@bergnaum.net
Enoch,Jast,+1.862.634.3029,philip89@yahoo.com
Furman,Smith,(270) 993-2035,ramona.jacobson@olson.com
D'angelo,Emard,+1-530-365-0074,adriana10@hotmail.com
Darrion,Yost,+1-228-631-7392,koss.samara@runte.info
Kayli,Pfannerstill,(332) 747-7112,
Kieran,McCullough,12347778674,dario.tremblay@morar.net
Nathanael,Mann,12703763961,verna28@bauch.com
Rachael,Mills,(248) 485-4298,jameson64@bode.com
Margaretta,Huel,734-212-3577,leonora.keeling@yahoo.com
Tara,Effertz,(678) 412-5815,vance21@gorczany.biz
Easter,Rippin,+1-689-627-0998,hmueller@gmail.com
Charity,Volkman,(510) 379-5920,jerod92@hotmail.com
Jayde,Welch,+1 (857) 221-8583,hudson.wade@yahoo.com
Reina,Zemlak,(669) 655-7236,hgrimes@white.com
Marge,Hartmann,270.422.7280,jordi.dach@price.net
Ibrahim,Rempel,281.376.9588,david37@yahoo.com
Tre,Johns,+1 (408) 376-0750,susana.davis@lockman.net
Florencio,Raynor,+1-828-718-6612,madelyn.conn@rowe.com
Muriel,Collins,+1 (361) 576-0323,anderson.herminia@hotmail.com
Arjun,Abbott,16784357128,antonina70@hotmail.com
Pearline,Dibbert,307-614-3791,otto.cummerata@gmail.com
Emmalee,Gleason,(806) 679-9910,cbogan@oconner.info
Buster,Wiegand,(805) 740-6877,micaela.ernser@gmail.com
Rosalind,Schuppe,1-231-216-2682,filomena.rolfson@brekke.com
Pearl,Ritchie,15016973652,clementine29@gmail.com
Mariah,Bogan,+1 (808) 581-7321,kuvalis.kathlyn@gmail.com
Keagan,Ziemann,+1.458.546.8312,gwen32@hotmail.com
Tyra,Hansen,+1-947-331-0911,brakus.lue@yahoo.com
Stan,Kunze,469-281-7746,cheyanne87@yahoo.com
Wiley,Sipes,18657681395,conn.rossie@spinka.com
Destany,Windler,+1-848-482-4429,izemlak@schiller.com
Meggie,Bauch,(816) 377-9655,ralph68@yahoo.com
Rosetta,Doyle,+1-405-982-8629,bmoore@schulist.biz
Sebastian,Welch,+1.417.938.4020,shany.ondricka@hotmail.com
Nicklaus,VonRueden,650-752-0803,lavon59@yahoo.com
Kobe,Marvin,+1 (734) 594-7095,okuneva.abelardo@parker.com
Marlen,Keeling,+1-385-848-7802,vdubuque@schumm.org
Dorcas,Schmitt,575-552-0690,hamill.charles@brown.com
Ron,Collier,463-904-6615,vbahringer@hotmail.com
Madie,Hartmann,+1.786.598.1642,uemard@gmail.com
Payton,Mertz,+1.463.684.1068,altenwerth.annabell@hotmail.com
Nels,Heidenreich,(786) 527-2726,johnson.rowe@brakus.com
Samantha,Olson,+1.954.518.5599,hartmann.toby@yahoo.com
Brenda,Shields,15515725421,krystal04@hotmail.com
Einar,Schmitt,1-540-278-0228,tamia.casper@dicki.info
Brannon,Corkery,704.285.5590,imuller@goyette.org
Gabriel,Armstrong,19195418992,grady.darion@reilly.org
Morris,Parisian,17046016291,smith.danika@grant.com
Rudy,Donnelly,+1-970-761-7285,orval.gleichner@von.com
Morton,Conroy,18015630460,dean69@gmail.com
Aniya,Morar,631.691.0405,rempel.mike@kemmer.net
Lamar,Corwin,419.763.5288,kemmer.hilario@olson.org
Lauriane,Hansen,740.948.0834,wendell.runolfsson@yahoo.com
Laurel,Senger,+1 (828) 456-2058,trippin@hotmail.com
Norma,Hessel,314-202-7385,blaise05@yahoo.com
Anabelle,Zieme,1-909-547-2374,blake25@torp.com
Josie,Wiza,+1.747.292.0353,bashirian.velma@hermann.net
Alberto,Rippin,+1.713.527.5491,theresa.crooks@hotmail.com
Amalia,Wuckert,1-657-941-9083,jaylan.fritsch@gmail.com
Alexie,Bauch,805.398.4005,kulas.holly@yahoo.com
Vesta,Dickinson,+1-251-846-9669,jalyn96@yahoo.com
Kathryn,Kulas,+1-669-715-7866,quigley.lafayette@yahoo.com
Kristy,Green,+1-701-822-9430,chegmann@dubuque.org
Abagail,Mayert,+1-320-967-2776,yasmeen.christiansen@oconnell.biz
Hulda,O'Reilly,+1-252-213-4893,braun.tyson@gmail.com
Efren,Quitzon,+1-361-847-9137,ewaters@tromp.com
Isai,Altenwerth,858-244-7274,haskell55@gmail.com
Amiya,Runolfsson,+1.769.520.8377,opal.jones@gmail.com
Jayson,Schultz,(520) 633-5414,moore.mina@gmail.com
Diego,Metz,1-785-416-1474,kihn.freda@gmail.com
Catalina,Parker,979.473.0839,ettie68@lesch.org
Reyna,King,760-446-2063,shana.ruecker@hotmail.com
Esta,Muller,1-727-546-9478,kuhlman.myrl@yahoo.com
Terrell,Crooks,+1 (952) 909-2487,green.marley@hotmail.com
Watson,Crooks,1-251-952-3473,yundt.elisabeth@brekke.org
Vince,Marks,1-910-742-6571,zulauf.rocio@yahoo.com
Maia,Franecki,803.235.2819,keanu92@veum.biz
Zena,Ullrich,18575443915,cchamplin@hotmail.com
Esmeralda,Brekke,+1.463.612.6596,cnienow@hotmail.com
Rosalia,Gutkowski,1-305-984-7800,obosco@yahoo.com
Sam,Klein,678-290-0208,charity.aufderhar@stark.com
Trevor,Gorczany,325.894.7482,schimmel.johnny@yahoo.com
Amaya,Gerhold,+1.510.458.9916,aletha04@wolf.com
Misael,Satterfield,1-629-812-9192,amina.smitham@hotmail.com
Maia,Mitchell,325.294.0755,julia23@bechtelar.com
Sydnie,Maggio,534-956-4545,schmitt.river@kihn.org
Liliana,Schumm,586-599-9550,champlin.lorna@okon.com
Noemie,Emard,908-888-3798,gwyman@kerluke.net
Miles,Harber,+1 (619) 923-3169,christelle.larkin@ortiz.com
Birdie,Quitzon,971-334-1297,susie.ziemann@yahoo.com
Aaron,Weber,+1 (321) 778-7033,upagac@von.com
Gordon,Stracke,916.350.6758,ramona78@reilly.com
Karine,Bogan,1-878-264-4095,ywillms@gulgowski.com
Grace,Wyman,+1 (423) 972-3932,zackery.franecki@yahoo.com
Nelson,Langosh,+1-715-338-6985,zrath@gmail.com
Pink,Rosenbaum,(331) 953-2599,sasha32@yahoo.com
Miles,Barton,+1-863-286-2251,justus05@runolfsson.net
Johathan,Bernhard,+1 (941) 397-9706,carroll.lupe@gmail.com
Ross,Rolfson,1-401-390-0686,isabel72@yahoo.com
Fausto,Bergnaum,914.200.0672,leann.halvorson@funk.biz
Raymundo,Lindgren,+1.425.400.8600,syble stoltenberg@stiedemann.com
Linnea,Kling,857-689-0340,ansel.block@yahoo.com
Flo,Schmitt,+1 (814) 563-3761,wrippin@hotmail.com
Christa,Pouros,380-706-2464,emerald46@reichert.com
Lambert,Hamill,847.530.9411,njohnson@hotmail.com
Ofelia,Rowe,(539) 381-1418,theresia96@schneider.com
Leola,Mante,+1.831.302.8428,zmclaughlin@collins.com
Princess,Friesen,1-551-790-8291,bogisich.monroe@leuschke.com
Michele,Schowalter,1-320-563-5386,mreilly@hettinger.biz
Kane,Littel,+1 (727) 213-8588,volkman.chaz@yahoo.com
Laura,Braun,+1 (725) 529-1871,feil.hallie@adams.org
Emilia,Zulauf,+1-830-386-1576,camille.barton@morar.com
Everett,Wilderman,16509709817,clara24@boehm.net
Eudora,Mann,1-773-501-3778,enid34@harvey.info
Madelynn,Keebler,1-657-923-3283,keeling.cali@hotmail.com
Johnny,Hand,1-251-827-3544,xgraham@yahoo.com
Lulu,Hoppe,1-801-332-4347,harvey42@krajcik.com
Bernice,Schowalter,+1-269-925-5731,tlittle@gmail.com
Erwin,Bernier,820-405-5901,tatyana.pagac@gmail.com
Henri,Upton,(206) 231-0135,paucek.mason@gmail.com
Tessie,Simonis,1-754-368-3950,laury62@gmail.com
Janiya,Barton,1-773-799-6357,osborne.vandervort@yahoo.com
Barry,Conn,+1 (937) 895-2120,wiegand.margarette@marks.com
Mona,Tillman,725-687-8535,marvin.talon@douglas.com
Arch,Hilpert,857.875.2275,casey15@gmail.com
Raymundo,Wehner,743-744-0126,trevion37@nolan.com
Gabriella,Kunde,(717) 617-4970,sibyl.bahringer@gmail.com
Ladarius,Schuppe,(850) 524-8221,angelica.mayer@gmail.com
Claudia,Stoltenberg,1-878-497-4067,shaun24@gmail.com
Ansel,Klein,+1 (714) 424-4045,alverta28@gmail.com
Nedra,Nicolas,364.533.2656,drau@yahoo.com
Cody,Kautzer,936.856.6188,alexandrine.schmidt@gmail.com
Juanita,Bradtke,+1-920-966-3439,jimmie84@hotmail.com
Mallie,Bins,602.567.4428,wreynolds@ortiz.com
Joshua,Runte,(503) 826-2751,hhegmann@bode.info
Brooke,Lynch,+1 (850) 426-1233,bernhard.jabari@schuster.net
Adella,Brekke,1-870-976-8511,qhuel@yahoo.com
Jaydon,Dickinson,+1 (413) 657-7561,sarai02@hotmail.com
Kenny,Goodwin,+1-607-363-3510,mariah57@hotmail.com
Mitchell,Paucek,+1-240-442-6669,justine.jenkins@sawayn.com
Casimir,McCullough,16788605157,princess34@weissnat.biz
Kailyn,Hartmann,562-871-3636,renner.cortney@yahoo.com
Cary,Abshire,843-697-1126,dianna.bogan@gmail.com
Dedrick,Yost,272.818.6007,bschiller@yahoo.com
Christopher,Marvin,336-435-8460,sydni.mills@heaney.net
Berenice,Pacocha,281.767.5519,ashleigh48@hackett.com
Lynn,Maggio,(661) 544-6334,hermiston.tre@yahoo.com
Armando,Parisian,(360) 398-6179,wweber@hotmail.com
Miracle,Dare,669-238-7023,okuneva.dora@shields.net
Hollis,Christiansen,(541) 598-6622,emmerich.holden@kertzmann.info
Otilia,Luettgen,1-234-537-2860,barton.eve@jacobs.biz
Jaron,Auer,15307822350,marta36@yahoo.com
Helena,Muller,1-617-234-4589,prenner@hotmail.com
Dudley,Halvorson,458.250.9367,dina.kirlin@hotmail.com
Velva,O'Reilly,+1.234.432.5023,laurianne85@hettinger.com
Caterina,Erdman,936-448-1751,sibyl.gislason@gmail.com
Edna,Dach,(443) 510-8252,deondre.mclaughlin@hotmail.com
Marley,Gislason,+1-908-596-6860,bauch.reese@yahoo.com
Talia,Larkin,+1 (928) 490-8778,holly.schmidt@gmail.com
Genevieve,Schuppe,+1 (484) 480-9787,weston67@walker.com
Jackie,Mohr,(986) 355-5964,schultz.maud@hotmail.com
Bridie,Grant,14806792250,maximillia46@mills.biz
Cristobal,Dickinson,(870) 523-3280,magnolia82@hartmann.com
Karlee,O'Reilly,(281) 889-1985,qkuhic@kulas.org
Selmer,Durgan,1-757-481-3522,mbailey@gmail.com
Afton,Koch,1-743-618-6949,aliza.koss@bogan.biz
Shana,Nitzsche,(938) 661-8691,eblanda@lindgren.com
Alexandria,Labadie,+1-947-610-5307,micaela.carter@davis.info
Stacey,Torp,757-591-1865,hipolito52@gmail.com
Tavares,Turcotte,1-248-604-4605,kertzmann.favian@hotmail.com
Oswald,Bosco,520.238.8964,klockman@gmail.com
Krystina,Considine,13255200109,cbernhard@hotmail.com
Felicia,Ritchie,952-695-5496,porter35@champlin.org
Maverick,Hessel,+1 (936) 965-5559,xtrantow@douglas.info
Zachariah,Shields,1-346-840-8740,laurie11@yahoo.com
Roslyn,Stanton,+1 (754) 686-1171,dario.hansen@ritchie.com
Samson,Thiel,13607649143,pfeffer.zoey@gmail.com
Virgil,Harris,(757) 944-3719,lubowitz.frederic@gmail.com
Kacie,Olson,346-936-4491,ferry.lillian@breitenberg.com
Lucile,Dooley,14343746463,okuneva.vicente@gmail.com
Ariane,Raynor,(540) 422-8337,orin.halvorson@hotmail.com
Shannon,Crona,820.799.1672,qjaskolski@huels.com
Diego,Crooks,773.700.2670,satterfield.elijah@hotmail.com
Darian,Powlowski,(720) 381-1046,wzieme@schimmel.net
Keely,Satterfield,1-458-931-4164,vmccullough@gmail.com
Eula,Tromp,+1 (678) 826-2761,tristian01@carter.biz
Treva,Powlowski,463-995-8150,flatley.abe@gmail.com
Calista,Weimann,302-538-6749,mervin77@hotmail.com
Frankie,Bernhard,+1 (986) 831-9816,bmoore@moore.com
Will,Jacobs,(651) 925-4617,kihn.lillian@hill.org
Gloria,Herman,725.325.2188,joesph.williamson@hotmail.com
Barrett,Shanahan,+1 (937) 550-7639,pascale.marks@denesik.org
Garnet,Pfannerstill,425.278.2354,krystal.dickens@roberts.com
Tiara,Zemlak,520-950-4685,ryan.cole@feeney.com
Jaquelin,Larkin,(224) 852-3574,mabelle lindgren@yahoo.com
Jesus,Walter,+1-301-925-0974,xbaumbach@olson.com
Ali,Botsford,423-771-3508,alexandro59@cummings.info
Buck,Padberg,458-754-3864,hellen94@tillman.net
Vivian,Hermann,1-774-352-5361,dlockman@gmail.com
Karina,McDermott,1-540-799-1567,uhowell@gmail.com
Sister,King,12406073831,icarter@schumm.net
Erik,Carter,+1-812-455-7733,oswald06@gmail.com
Eveline,Cartwright,863-435-4513,kboehm@gmail.com
Khalil,Doyle,+1.386.813.3386,aglae.waters@hotmail.com
Humberto,Ankunding,1-307-328-0060,reymundo.mcclure@yahoo.com
Maxine,Gleichner,760-900-2471,price.callie@hotmail.com
Bud,Kautzer,1-864-255-9344,jordane.ullrich@grant.org
Brianne,Kohler,+1 (737) 316-4573,pkoch@stehr.com
Dee,McDermott,279-332-9142,spencer.juliana@goldner.com
Amalia,Goyette,323.463.3833,deckow.maximillia@gmail.com
Marshall,Bashirian,+1-307-768-7369,lgerhold@hotmail.com
Enoch,Crooks,+1-463-745-8093,collier.cleta@gmail.com
Cristobal,Little,+1 (352) 254-7053,isadore51@kuphal.com
Hollis,Halvorson,1-406-312-9680,bruen.douglas@bins.net
Kayla,Maggio,+1-980-541-9484,hleuschke@gmail.com
Julian,Bechtelar,940-307-9140,apredovic@gmail.com
Therese,Pacocha,(386) 995-9439,maximus.funk@ritchie.com
Delpha,Prohaska,+1 (805) 648-2332,rachelle.kling@grant.com
Otha,Hintz,1-316-518-5440,qkuhlman@yahoo.com
Gregory,Reichert,(541) 489-8519,hegmann.verdie@lind.info
Hank,Berge,(785) 852-4370,armstrong.destini@gmail.com
Shirley,Lehner,12018348815,bartell.cornelius@yahoo.com
Demarcus,Mitchell,(757) 542-8396,nellie.swift@brown.com
Jaycee,Ledner,540-599-5448,rebeka.goodwin@parisian.org
Milton,Gibson,+1.341.847.0356,erin.ritchie@hotmail.com
Rodrick,Flatley,283.223.2328,rebecca03@mertz.com
Maxime,Harvey,662.926.0897,shemar21@johnson.com
Loraine,King,1-520-537-9791,dena.sauer@reynolds.info
Merl,Hackett,1-747-245-3937,dnikolaus@walsh.com
Cara,Homenick,+1-620-458-9425,vwilliamson@brown.com
Paxton,Corkery,+1 (517) 327-2588,mohammed71@gmail.com
Etha,Gleason,1-623-491-6226,celestino45@yahoo.com
Yolanda,Kub,(816) 307-0605,rsmitham@hotmail.com
Dena,McDermott,1-828-491-1219,tdooley@hotmail.com
Audreanne,Bechtelar,(269) 701-4909,enrico.feest@hotmail.com
Deshaun,Bosco,+1-253-940-8273,vbrown@hotmail.com
Linda,Hermann,540.525.7414,daugherty.harley@hotmail.com
Shanon,Kautzer,+1 (539) 325-7583,bernhard.hartmann@hotmail.com
Danika,Bogan,(914) 305-2335,vgrant@gmail.com
Shannon,Greenfelder,480.437.4687,torphy.tyler@sporer.com
Geovanni,Gerhold,434-870-1126,king.jimmie@hodkiewicz.org
Prudence,Wilkinson,413-442-1251,eunice72@gmail.com
Tad,Mueller,+1-629-990-1041,vhuel@gmail.com
Jeromy,Price,+1.301.562.9556,rmiller@gmail.com
Jarret,Sanford,1-808-745-6446,prath@keebler.com
Opal,Hirthe,+1 (332) 249-8785,carroll.judson@dach.org
Nelda,Gusikowski,1-762-371-2760,stephen19@yahoo.com
Abdul,Hansen,15308184755,pollich.maximillia@yahoo.com
Elinore,Thompson,480-376-0540,omari89@pagac.org
Sheridan,Morissette,+1 (405) 377-4459,kunze.susana@yahoo.com
Gideon,McDermott,+1-616-220-6012,kay30@will.com
Mackenzie,Schamberger,706-891-0781,hattie.braun@gmail.com
Shad,Sawayn,+1.908.806.8579,mitchell.waldo@schuppe.org
Buster,Daugherty,+1.432.855.5941,karlee17@hotmail.com
Tavares,Deckow,14636544114,okon.rory@gmail.com
Chelsea,Cremin,15206886547,albin.dubuque@hotmail.com
Gilda,Powlowski,19147571894,gerlach.jonathan@ratke.com
Lourdes,Mosciski,937.484.9841,jframi@yahoo.com
Sydnee,Wilkinson,708.328.2360,bailey59@hotmail.com
Teagan,Larson,+1 (484) 462-3229,megane.von@hotmail.com
Hosea,Paucek,1-231-520-3211,paucek.eino@goldner.com
Julianne,Rohan,12679198383,clotilde06@gmail.com
Karelle,O'Conner,775-725-9172,kristopher08@gmail.com
Fae,Kihn,+1-586-357-5155,rutherford.frederick@orn.biz
Hailey,O'Reilly,(718) 369-7162,bharvey@gottlieb.net
Fatima,Orn,717.699.4604,thalia.schmidt@gmail.com
Mallory,West,616.629.0379,hoconnell@oconner.com
Marina,Koepp,380-317-7034,ischmeler@kilback.com
Taylor,Jacobs,(660) 331-8031,hand.rossie@gmail.com
Dominic,Hahn,+1-603-275-5851,vluettgen@pfeffer.com
Wiley,Larkin,15185452843,rohan.jacinthe@witting.biz
Casey,Hettinger,559.379.7222,wunsch.ada@yahoo.com
Jerod,Krajcik,+1-973-530-1695,bashirian.virginie@wolf.com
Henriette,Prosacco,+1 (551) 506-8522,djacobi@muller.com
Coralie,Kuvalis,+1 (559) 777-5393,deckow.kieran@hermiston.net
Lorna,Wisozk,754.832.3015,
Stephon,Kemmer,1-530-502-8794,ruecker.nola@gmail.com
Iva,Ritchie,+1.443.785.4928,smitham.river@olson.com
Frankie,Ward,631-584-9624,mstroman@lemke.net
Kadin,Lowe,+1.704.994.9494,tquigley@little.com
Laurie,Little,(219) 896-0946,ifahey@yahoo.com
Patricia,Beatty,603.334.7108,brandon82@fritsch.com
Vern,Roberts,+1 (505) 246-3994,karlie45@wisozk.com
Ivy,Marvin,402.953.6426,aurelie31@kutch.com
Maya,Schowalter,+1 (260) 894-0462,rosario09@hotmail.com
Abraham,Bosco,732-991-8746,corn@hotmail.com
Bud,Nikolaus,+1-856-381-3725,grady.hammes@yahoo.com
Frida,Fadel,(520) 597-8360,milan02@cremin.com
Hudson,Schowalter,+1-248-210-7887,johns.ursula@walter.com
Mathilde,Smitham,13024863247,bhermiston@gmail.com
Stacy,VonRueden,1-619-481-4415,mertz.dax@hotmail.com
Candice,Klein,1-815-604-0501,gpredovic@yahoo.com
Cheyanne,Volkman,+1-209-220-5748,murphy.thea@yahoo.com
Myrtle,Graham,(862) 937-1955,simone.lehner@gmail.com
Shemar,Bauch,+1.202.630.3898,chadrick.boyle@hotmail.com
Friedrich,Quigley,+1-417-751-0560,lebsack.karlee@schuster.com
Zack,D'Amore,+1-757-649-1544,jaida32@gmail.com
Leone,Price,+1.856.318.2475,una.cartwright@yahoo.com
Hiram,Greenholt,1-731-227-7827,conn.ila@rowe.com
Mia,Graham,831-423-9043,qweimann@bernier.com
Gerda,Greenholt,1-870-885-3489,rodger12@schuppe.com
Turner,Hayes,+1 (901) 698-7146,vhartmann@zboncak.com
Katarina,Mayert,303.976.1889,alverta.wisozk@hotmail.com
Mittie,Lynch,520.868.9760,heath.kiehn@gmail.com
Jeffry,Hintz,+1-865-219-9333,collins.tina@kuhn.com
Devonte,Bradtke,1-806-999-6621,javonte51@lindgren.info
Mable,Brown,+1 (774) 752-8476,zboncak.gustave@hotmail.com
Leo,Terry,520-696-3880,kraig.weimann@yahoo.com
Easter,Collins,13256875169,nikolaus.brenda@hotmail.com
Jacky,Bruen,1-435-947-5830,oreilly.dax@walsh.org
Frederique,Wuckert,1-281-485-3096,bauch.taryn@crona.com
Shannon,Dickinson,+1 (272) 790-2577,nadia.lubowitz@prohaska.net
Daniela,Kuvalis,+1.501.982.4495,gilbert51@gmail.com
Cordie,Jast,+1.316.406.9803,nkulas@yahoo.com
Malcolm,Schmidt,(920) 349-5250,feeney.larry@gmail.com
Cleo,McDermott,832.412.1055,sadye30@vandervort.biz
Queen,Hermiston,(754) 501-6677,pfeffer.antoinette@emard.org
Laurel,Breitenberg,1-630-381-0243,bailey.ciara@schneider.com
Ike,Casper,515.963.5773,lazaro39@koelpin.net
Derick,Hahn,(539) 353-3975,fisher.roma@bernier.com
Tyra,Considine,+1-534-791-3578,padberg.kiel@dickinson.com
Aglae,Reynolds,(279) 626-2863,tianna02@gmail.com
Marquise,Gibson,12179468351,awiegand@hotmail.com
Clifton,Wunsch,351-455-1168,paucek.sage@yahoo.com
Collin,Schaefer,+1-432-928-0375,vickie20@schaefer.com
Marty,Ernser,12196256189,rnicolas@sporer.com
Edwardo,Kozey,303-820-8825,rutherford.jakob@hotmail.com
Natalie,Marks,820.414.9725,avis.pouros@hotmail.com
Elta,Bernier,531.521.5590,shemar.farrell@yahoo.com
Mikel,Pouros,978.466.0018,neva94@yahoo.com
Vladimir,Romaguera,12038933116,ycasper@gmail.com
Doris,Jakubowski,224.382.4812,elena14@yahoo.com
Everardo,Effertz,(520) 843-1094,amurazik@gmail.com
Treva,Schiller,+1.432.834.4922,fay03@fahey.com
Yolanda,Graham,18454297103,agustin.howe@hotmail.com
Edwina,Schroeder,+1 (769) 694-7055,sophie02@quitzon.com
Alene,Leffler,1-512-818-1788,rickie.bradtke@yahoo.com
Adrien,Heller,12087814468,elnora00@wuckert.com
Brock,Bergnaum,19719520137,demond.mayert@gmail.com
Gregg,Effertz,+1-762-946-9409,ryan.allen@renner.com
Price,Graham,+1.828.476.7551,lindsay.gerlach@yahoo.com
Kenny,Altenwerth,+1-346-678-1424,randi90@gmail.com
Fannie,Kris,+1 (678) 290-7581,cole.chyna@okon.com
Una,Terry,16363147171,june.cole@gmail.com
Hope,Hudson,239.395.4971,boehm.syble@gmail.com
Neal,Moore,341-417-6298,schowalter.johanna@yahoo.com
Rita,Osinski,1-407-604-1994,barrett.dubuque@gmail.com
Lenny,Smitham,1-959-597-5998,bernhard.nathan@mccullough.biz
Greg,Bode,1-667-816-6798,korbin.dooley@crist.org
Brennon,Bosco,651-982-0387,kiarra93@gmail.com
Stevie,Pagac,(903) 724-0450,bhaag@gmail.com
Dorcas,Kulas,+1-269-561-3888,weimann.anissa@west.com
Antonio,Kertzmann,+1-732-727-4442,jesus.ritchie@gmail.com
Lauren,Kreiger,+1-580-666-6508,ahickle@yahoo.com
Lilyan,Bode,+1-863-501-6054,imogene.renner@gmail.com
Elody,Price,(920) 941-8239,shaniya58@bosco.info
Bernardo,Lueilwitz,678.354.3379,cassin.winfield@erdman.org
Dee,Walsh,865-994-7961,kristoffer.hegmann@gislason.org
Keara,Bradtke,+1 (507) 684-8820,bryon07@ferry.com
Monroe,Jast,+1-681-758-3526,karli91@gmail.com
Freddie,Runolfsson,17733843361,ukeebler@hotmail.com
Ariane,Beatty,906.508.3591,brisa.koch@jacobs.info
Shirley,Bednar,+1 (308) 754-0673,berniece.carter@yahoo.com
Dustin,Rowe,430-398-1777,seamus.kerluke@yahoo.com
Kayla,Stoltenberg,(726) 458-4301,lulu.hessel@altenwerth.biz
Rocky,Bauch,415-905-8003,vmurazik@gmail.com
Adam,Oberbrunner,442-686-3043,asha.senger@kozey.info
Bertram,Deckow,202-262-7294,elody28@dubuque.net
Amina,Boyer,(484) 525-4412,hamill.destinee@yahoo.com
Omer,Nienow,351.320.1488,christ.turner@hodkiewicz.org
Marilie,Satterfield,724.226.4678,turner.braden@brekke.biz
Fatima,Hand,14236897096,awunsch@hotmail.com
Gardner,Bernhard,+1-279-221-2370,willow21@monahan.com
Jennifer,Hyatt,+1 (915) 285-6011,abner83@waelchi.com
Adriel,Zieme,12172399790,alan14@upton.com
Herman,Douglas,17315402359,vivien37@lindgren.com
Kara,Huels,1-610-436-1608,vhudson@hermann.org
Amparo,Sporer,208-523-3732,mohamed22@yahoo.com
Moises,Swaniawski,336.885.8644,kbins@yahoo.com
Deondre,Dare,+1-202-321-1028,haley.percy@langworth.com
Neva,Walsh,19723409758,sarai.walker@vandervort.biz
Amina,Daugherty,+1-863-780-3235,kaya.hand@yahoo.com
Abbigail,Greenfelder,361-774-1821,pacocha.rosina@mayer.com
Retha,Heller,+1-703-561-2546,annie.heidenreich@littel.info
Elenor,Ernser,(620) 796-2051,langosh.lois@sporer.com
Julius,Orn,+1-769-386-1315,santa.ankunding@yahoo.com
Marilie,Ferry,+1 (628) 529-9611,tpagac@hotmail.com
Arianna,Ritchie,+1-986-812-0105,michele.frami@runolfsson.biz
Kelsie,Bartell,15208468666,grant05@yahoo.com
Eden,Nolan,+1-859-852-6061,klocko.jewell@gmail.com
Marietta,Hill,+1-248-376-9375,delphia.bayer@hammes.biz
Nicolette,Little,(352) 439-0781,henri06@yahoo.com
Alaina,Terry,(314) 249-6238,hterry@yahoo.com
Chad,Greenfelder,1-479-928-8418,rhahn@gmail.com
Heaven,White,1-283-372-6267,collier.moriah@hotmail.com
Shanny,Lehner,541.524.1206,vwuckert@ondricka.com
Orpha,Kilback,+1 (469) 462-1741,vance.hamill@yahoo.com
Alberta,Morissette,+1-930-797-8420,beatty.katheryn@stark.org
Cale,Sawayn,1-223-336-8641,konopelski.columbus@pfeffer.biz
Joannie,Cormier,1-757-488-3161,dianna30@grady.com
Marques,Torp,228-666-5658,laverna97@hotmail.com
Marian,Konopelski,(828) 541-4372,oritchie@yahoo.com
Jeffery,Rodriguez,(947) 919-5836,emerson.pfannerstill@kiehn.com
Gerald,Kunde,859-691-1636,sandrine21@gmail.com
Murphy,Terry,(570) 343-0900,lauretta36@howell.com
Abigail,Abshire,+1-913-406-2710,aileen.mann@gmail.com
Maryjane,Bailey,1-765-730-2039,ikuphal@haag.com
Carmelo,Langosh,+1.225.773.8364,xschmidt@hotmail.com
Elnora,Hyatt,(930) 371-5682,hudson.sherwood@hotmail.com
Janet,Hartmann,918-825-5728,ernesto62@schuppe.com
Thora,Turcotte,253-471-3670,swyman@gmail.com
Joelle,Baumbach,662.988.3757,johnny.mclaughlin@waters.biz
Sincere,Schamberger,(657) 637-2167,nstracke@hotmail.com
Miller,Jacobs,312-786-1811,rkassulke@parisian.com
Annamarie,DuBuque,539.903.9383,barbara12@koch.com
Abe,Schamberger,15138871613,bbins@gmail.com
Bryce,Sporer,+1-309-864-1067,qwiegand@hotmail.com
Kariane,Hills,+1-828-392-8083,dibbert.alvis@hotmail.com
Erika,Gusikowski,1-951-828-6025,zhauck@gmail.com
Mable,Sauer,559.677.2436,urippin@yahoo.com
Domenico,Goyette,406-458-1753,hunter.botsford@gmail.com
Alexys,Kunze,772.732.5789,ocie.quigley@hotmail.com
Delmer,Aufderhar,716-684-6079,xgleason@hotmail.com
Domenico,Nienow,1-952-478-1512,jast.urban@quigley.info
Vena,Johns,+1-534-850-0229,eturcotte@gmail.com
Myrtle,Stroman,678-759-6579,juwan03@upton.com
Jacques,Bashirian,1-336-388-3103,saige.stark@stehr.com
Dianna,White,(848) 324-1412,kilback.alaina@romaguera.com
Jace,Abshire,(726) 364-9440,heathcote.rosendo@dach.net
Tess,Rodriguez,1-380-224-0018,vwalker@yahoo.com
Clare,Stroman,+1.662.263.8045,franz.welch@pollich.com
Darwin,Nitzsche,(425) 673-3597,aileen56@hotmail.com
Alex,Kunde,463-659-5260,tara10@beer.com
Chelsey,Pfeffer,272-401-1362,vtromp@lind.com
Johnnie,Nolan,870-868-2468,clyde.price@hotmail.com
Emmy,Borer,503-262-0882,waldo.schamberger@schimmel.com
Clark,Willms,650-713-6194,brooklyn.altenwerth@harvey.com
Damion,Abernathy,+1-252-364-2675,osvaldo97@yahoo.com
Adolfo,Ankunding,503.614.6914,vonrueden.audie@lindgren.com
Olaf,Willms,878-310-7081,geoffrey59@gmail.com
Herbert,Schneider,540.677.6484,kertzmann.gregg@kiehn.com
Fannie,Breitenberg,(872) 241-9092,ankunding.bell@mante.com
Brandyn,DuBuque,386-945-0813,halie.osinski@goyette.com
Eleanora,Rosenbaum,612-568-3316,valerie37@yahoo.com
Claudine,Dickens,(563) 514-8144,xschneider@stiedemann.info
Desiree,Bosco,17543329305,pkirlin@rowe.info
Ruth,McClure,774-595-2852,mueller.kailee@hoeger.info
Ryann,Batz,+1 (385) 280-2420,bfarrell@hotmail.com
Adam,Boyer,+1-530-779-3461,qjaskolski@hotmail.com
Loma,Bartell,820.590.2391,anahi55@yahoo.com
Deja,Welch,1-540-437-2989,ofisher@yahoo.com
Deborah,Ernser,+1-484-903-8418,clarissa.prosacco@yahoo.com
Carolyne,Dare,17199487378,ywillms@herman.biz
Amira,Jacobs,220.866.9683,bhirthe@cruickshank.com
Krystina,Ratke,(928) 410-7074,bogisich.sandra@oreilly.com
Patricia,Nienow,19594681471,elinor11@pacocha.com
Jo,Cummerata,+1-757-626-8358,mcglynn.gilbert@hotmail.com
Samir,Skiles,802.986.9117,bins.roy@gmail.com
Gerald,Rogahn,908-845-9276,qkuhlman@yahoo.com
Jannie,Rice,847-349-3438,kbreitenberg@gmail.com
Trent,Strosin,1-218-410-7577,itremblay@medhurst.biz
Milton,Boyer,+1 (660) 624-1853,marvin.maxine@dickinson.biz
Alexzander,Farrell,15626966057,kuvalis.savion@lehner.com
Daron,Goyette,+1 (870) 617-6770,yundt.frank@gmail.com
Era,Koepp,646-710-7172,alysson.turcotte@herzog.com
Lonie,Gibson,+1.929.406.8018,myles.rice@yahoo.com
Roslyn,Kunde,14148811952,mario90@nicolas.com
Angelina,Russel,+1-515-942-8052,tyrel.kunze@gmail.com
Michelle,White,(605) 257-5254,gleason.gail@waelchi.com
Pasquale,Armstrong,+1-567-826-9878,tmante@spencer.com
Emilio,Hauck,+1-509-954-9485,bayer.crawford@hotmail.com
Kendrick,Wilkinson,1-220-978-8779,zgrady@gmail.com
Edd,Funk,408.569.4835,qbrown@schoen.info
Shad,Barrows,+1.618.980.5161,macey.ryan@denesik.com
Candace,Hessel,480.288.5262,ertrand 23@hotmail.com
Madelyn,Klein,1-704-520-7252,joesph59@yahoo.com
Kevon,Kuvalis,(445) 312-6946,evon@glover.com
Kylee,Kovacek,+1 (872) 991-5441,brohan@gmail.com
Terrell,Rath,1-337-686-0615,amelia.mueller@hotmail.com
Jessika,Bayer,757-585-5515,jovani.bruen@sporer.biz
Hallie,Bins,938-882-5061,portiz@yahoo.com
Jovani,Johns,458.713.1792,monica61@yahoo.com
Joy,Kuhn,1-717-918-6743,bethany95@connelly.com
Maud,Botsford,828.352.7765,bernier.elena@gmail.com
Fanny,Konopelski,(941) 980-0198,jennings61@yahoo.com
Ila,Upton,+1 (657) 623-8966,jaylen.turcotte@gmail.com
Aliyah,Bogisich,18628792047,stephany78@hotmail.com
Harold,Braun,470-278-4581,howe.clyde@morar.com
Kristoffer,Leffler,480.637.2753,noe57@gmail.com
Demetris,Reichert,337-304-3400,berge.noemie@mueller.net
America,Bartoletti,1-716-906-2947,ynienow@leannon.com
Benjamin,Stroman,+1-413-307-9536,wgrant@waters.info
Eric,Heller,1-754-615-7260,dax.buckridge@yahoo.com
Pattie,Paucek,+1-417-667-6764,hammes.mitchell@hotmail.com
Armando,Schmitt,(769) 821-2315,thalia.ruecker@yahoo.com
Conrad,Fahey,+1-701-240-9798,gracie.jacobi@dibbert.com
Christopher,Streich,458.623.8332,goldner.isabel@yahoo.com
Amalia,Boyle,1-970-240-9892,jakubowski.justyn@williamson.org
Shayna,Bins,(609) 717-7400,spencer.claudia@hotmail.com
Ariane,Wuckert,(479) 848-6080,hwilderman@yahoo.com
Nadia,Bahringer,+1.435.978.3693,august.nikolaus@gmail.com
Susie,Quigley,(304) 406-1113,edmond09@hayes.biz
Kyle,Braun,+1 (479) 842-3902,quinten.lakin@jakubowski.com
Hope,Rath,1-980-897-5935,yoshiko10@torphy.com
Marlon,Steuber,1-540-234-3138,pkovacek@hilpert.org
Providenci,Koss,1-860-949-0167,jannie.denesik@howell.org
Tavares,Gleason,(315) 947-9386,vbotsford@thiel.com
Eduardo,Crist,1-816-877-0866,jacobson.fermin@hotmail.com
Ken,Aufderhar,+1-803-935-3152,prosacco.rose@gmail.com
Catherine,Smith,915-263-0622,ola59@quigley.com
Audrey,Mills,17135879429,sipes.fae@cartwright.com
Weston,Kunze,+1-908-263-6194,hazle.kohler@yahoo.com
Filomena,Koss,1-251-540-9874,nienow.pasquale@kerluke.com
Sonya,Ebert,(513) 585-6931,viola70@yahoo.com
Steve,Stokes,18107180899,frederik.funk@yahoo.com
Jackie,Rempel,620-959-2985,jtoy@yahoo.com
Johnnie,Mohr,845.447.7313,brody.hammes@price.com
Bridie,O'Reilly,216-721-7122,addie62@hotmail.com
Emmet,Kemmer,+1-580-932-0886,german.gorczany@gmail.com
Maybelle,Daugherty,1-206-680-7483,greenfelder.hermina@mitchell.net
Teagan,Lueilwitz,680.745.3939,jackie15@hotmail.com
Kaci,Skiles,+1-517-255-6060,hlangosh@kunde.com
Janis,Gutmann,1-463-606-5763,heathcote.kallie@grimes.com
Davon,Botsford,717-203-7968,alisha01@gmail.com
Aniya,Harber,+1-401-280-3825,maxie87@yahoo.com
Shany,Murray,+1.470.730.3803,hintz.hailey@yahoo.com
Karlee,Mertz,(848) 615-5589,donnell78@turcotte.net
Tiara,Ledner,(740) 471-0408,ckirlin@langosh.net
Derick,Kulas,906-885-4653,mariela01@hudson.com
Devon,Champlin,1-320-734-2480,audie92@heidenreich.net
Brent,Wiza,1-517-677-1102,jgreenfelder@hotmail.com
Werner,Grady,(931) 502-6646,stiedemann.francesco@gmail.com
Mustafa,Green,16208065035,dubuque.teresa@trantow.org
Maverick,Wiza,208-369-8400,jessy.hackett@walker.net
Edgar,Fritsch,+1-321-230-6819,laury86@gmail.com
Pedro,Wehner,+1.828.275.5108,daniel.arnulfo@sipes.com
Samara,Mayert,+1 (458) 887-8118,zula.strosin@yahoo.com
Pietro,Kemmer,1-484-270-2492,korbin17@terry.info
Lesley,Feeney,+1-320-903-7771,eryn87@jacobs.com
Leone,Yundt,443.247.2562,katherine.okuneva@kris.com
Laurie,Kris,1-507-703-2688,amie.ondricka@rath.com
Ernestine,Stark,12238714701,alisha94@yahoo.com
Olin,Jast,+1.562.258.3952,thora24@hotmail.com
Caleb,Rosenbaum,+1-731-870-0901,chintz@gmail.com
Ronny,Hirthe,(520) 674-3072,kobe15@swaniawski.biz
Flavio,Fisher,432-889-0888,greta.gulgowski@hotmail.com
Emelie,Strosin,703.902.1756,strosin.genevieve@gmail.com
Corrine,Pollich,+1-443-543-3546,mckenzie.xavier@douglas.org
Madge,Hettinger,1-667-958-4733,weissnat.garnet@fritsch.net
Leland,Breitenberg,269-897-5968,mcclure.pamela@ziemann.com
Consuelo,Connelly,1-681-418-6278,glind@harber.com
Grant,Streich,+1-661-457-6230,ppagac@satterfield.org
Kasey,Wuckert,12675704251,price.thora@mayert.com
Kylie,McLaughlin,(316) 227-2164,gerard83@gmail.com
Danika,Will,18306192937,augustine.oberbrunner@yahoo.com
Dan,Berge,302-220-0219,chad87@yahoo.com
Sigurd,Considine,971.990.8635,ydubuque@yahoo.com
Johan,Brown,918.853.3357,lilian.greenfelder@yahoo.com
Lavinia,Anderson,609.438.1845,dangelo.wyman@cormier.com
Lonnie,Boyle,610-707-6854,keely71@yahoo.com
Petra,Wunsch,1-415-588-2387,oswald49@yahoo.com
Kitty,Altenwerth,1-541-544-4494,jabari.morar@ward.com
Effie,Huel,1-830-729-1005,wgutkowski@yahoo.com
Chet,Kautzer,+1-972-475-2108,pkrajcik@graham.net
Curt,Jaskolski,820-753-7688,ryder.smith@yahoo.com
Ben,Lang,805-724-5558,woodrow73@ohara.com
Kyler,Herzog,972-435-1359,alice.will@nader.org
Arnulfo,Little,857-941-1750,lola33@wisoky.biz
Meggie,Spencer,+1 (380) 589-0225,canderson@ward.com
Sandy,Lakin,269-885-9513,rzulauf@bartell.org
Wilton,Fisher,+1-870-919-0123,alene.schinner@connelly.biz
Demario,Keeling,19529491059,sdouglas@towne.com
Tevin,Kautzer,651-913-9113,marcia92@yost.com
Melany,Davis,234.445.4457,jena49@yahoo.com
Leo,Roob,704-497-6142,xpredovic@yahoo.com
Tressa,Krajcik,+1-971-862-2441,carrie22@bosco.net
Chaz,Langworth,+1-504-924-1755,mckenzie.bessie@yahoo.com
Hailie,Leffler,361.446.6124,hansen.lourdes@hotmail.com
Kathryn,Ankunding,+1-458-414-0721,lockman.colt@gislason.net
Jerel,Gleason,585-402-2156,cbradtke@gmail.com
Kaycee,Heaney,+1.540.249.6993,nayeli70@yahoo.com
Angelita,Roberts,(480) 575-5213,tkeebler@yahoo.com
Sam,Labadie,+1.743.416.3050,howell.erwin@kris.biz
Lowell,Hartmann,681-683-5589,miles04@walsh.net
Effie,Ward,+1-463-384-1116,keebler.linnie@keebler.info
Hans,Upton,(978) 536-9473,ofritsch@hotmail.com
Filomena,Denesik,870-339-3493,jarod43@murray.com
Keara,Strosin,14586142026,katelynn.ratke@beahan.org
Berenice,Steuber,812.244.2768,luna.jacobson@bosco.com
Brant,Lind,1-956-360-5072,jlarson@paucek.com
Providenci,Macejkovic,(820) 373-0862,crist.justine@yahoo.com
Maryam,Considine,740.762.9876,tierra33@hotmail.com
Wilhelm,Mraz,+1 (901) 687-5634,terry.wallace@pollich.com
Neva,Little,+1 (269) 943-1800,streich.augusta@beatty.net
Lisette,Fisher,(718) 540-8188,lois17@kunze.com
Jaydon,Ziemann,+1.351.787.0302,monique61@gmail.com
Marcelo,Heaney,+1-954-944-7068,wolff.cody@gmail.com
Marlen,Beatty,(678) 378-3024,sister.daugherty@gmail.com
Edyth,Schroeder,1-361-493-9535,conor.oconner@gmail.com
Elliot,Bailey,941-969-4406,vthiel@gmail.com
Ryder,Schamberger,458.391.9878,jaunita.johnston@auer.info
Vance,Gutmann,323.610.5523,abrown@gmail.com
Kaya,Renner,689-507-7518,ryost@gmail.com
Alivia,Mann,16804439332,lenore.hickle@hegmann.com
Micah,Huel,14052502594,magdalena.herzog@schowalter.com
Rowland,Adams,1-984-384-0219,jammie.lang@hotmail.com
Jaden,Hane,1-620-699-9597,ayla40@mccullough.net
Angela,Rutherford,351-628-4745,broderick.pfannerstill@gmail.com
Estefania,Gottlieb,+1.915.948.4763,hbalistreri@gmail.com
Bernita,Lemke,+1-931-348-7825,breichel@hotmail.com
Alysha,Schamberger,1-619-424-3929,vincenzo.willms@schumm.com
Arch,Wilkinson,(531) 415-5103,elyssa15@yahoo.com
Myrtle,Herzog,470.756.4966,
Oswald,Lowe,458-755-2716,reymundo73@yahoo.com
Skyla,Nolan,+1-724-854-6031,megane25@yahoo.com
Javonte,Mraz,+1-680-476-8161,liam89@gmail.com
Otilia,Robel,732-869-6782,tremblay.eleonore@hotmail.com
Neil,Cremin,+1-208-938-6212,wunsch.gaston@yahoo.com
Jarod,O'Connell,+1 (909) 860-5090,heidenreich.deontae@hessel.com
Imelda,Mitchell,+1-908-885-3867,annette.orn@hotmail.com
Marcus,Beatty,1-309-450-7158,koelpin.fleta@hotmail.com
Kianna,Barton,+1.484.658.9631,thomas35@yahoo.com
Jerry,Yundt,+1.586.782.0149,kautzer.johathan@hotmail.com
Houston,Swift,(415) 756-2713,cruickshank.jovani@schmidt.com
Nikki,Koss,732-768-1411,thalia.morissette@mclaughlin.com
Chyna,Corwin,(302) 280-4121,adan.mertz@quitzon.com
Daren,Osinski,+1-386-697-8895,osvaldo.dickens@gmail.com
Lucius,McLaughlin,(580) 978-0268,monserrat.moen@mclaughlin.biz
Quinton,O'Connell,+1 (859) 735-7820,russel.hills@yahoo.com
Austin,Witting,14807648484,rowe.austen@yahoo.com
Deven,Schamberger,1-828-761-1184,jayce.cartwright@littel.org
Bradford,Yost,830.612.7586,kuhic.jordon@hane.com
Leta,Koelpin,(272) 682-2375,waelchi.oda@koepp.com
Mark,Prohaska,(220) 337-8063,reichert.walter@mcglynn.net
Jedidiah,Bogan,229-766-7730,cassie64@gmail.com
Alvah,Corwin,386.609.1747,kunde.nicola@bosco.info
Nia,Macejkovic,+1-360-540-0308,hegmann.nicolette@jast.com
Darryl,Grant,458.907.4427,kirlin.rodrigo@nitzsche.com
Darryl,Willms,+1-559-303-9972,xmurphy@hills.com
Sid,Howe,551.580.0845,qdenesik@yahoo.com
Donnie,Cummings,669-275-4036,elisabeth46@yahoo.com
Clarabelle,Rath,(847) 426-6686,otha36@hotmail.com
Moises,Zieme,18627104474,sandra38@bailey.info
Devan,Hoppe,689.938.1458,bcummerata@yahoo.com
Tara,Kuhlman,310.573.9967,pemmerich@kreiger.org
Cynthia,Deckow,847.984.3571,claude97@yahoo.com
Joaquin,Kertzmann,+1.989.589.6002,horace12@gmail.com
Werner,Kovacek,225-297-6759,ysatterfield@gmail.com
Jena,McKenzie,+1-540-360-8016,vdach@bartoletti.org
Chyna,Bechtelar,651.618.6509,dwight.gislason@marks.net
Emily,Mante,+1 (978) 749-0765,billy75@hahn.com
Kevin,Monahan,585.849.6044,hildegard84@yahoo.com
